Word,Count
,37
For,24
displays,12
the,10
like,6
phones,6
smaller,6
smartphones,6
slideshow,6
tablets,6
laptops,6
&,6
larger,6
smart,6
on,5
to,4
in,4
Show,4
log,4
browser,3
Use,3
responsive,3
console,3
pagination,3
your,3
view,3
ajax.googleapis.com/ajax/libs/jquery/1.10.2/jquery.min.js'></script>,3
flashing,3
load,3
Center,3
active,3
for,3
Prevent,3
quires,3
layout,3
Media,3
from,3
item,3
a,3
\exist"\);\,2
Response.Write(category);,2
\Response.Write("\COnnection\,2
slide,2
dpes,2
\Response.Write("\folder\,2
have,2
\made"\);\,2
complete,1
they,1
start,1
To,1
slideshows,1
separate,1
IDs,1
same,1
animation,1
Change,1
need,1
number,1
multiple,1
page,1
just,1
